FECHA,TIPO,SIZE (GB),HORAS
20260801,isr,45.74,8.53
20260803,esf,34.88,12.96
20260803,isr,28.32,5.28
20260804,esf,34.88,12.96
20260804,isr,18.11,3.38
20260805,esf,34.88,12.96
20260805,isr,19.44,3.62
20260806,esf,34.88,12.96
20260806,isr,58.34,10.88
20260807,esf,34.88,12.96
20260807,isr,58.34,10.88
20260808,esf,34.88,12.96
20260808,isr,58.34,10.88
20260809,esf,34.88,12.96
20260809,isr,58.34,10.88
20260810,isr,30.05,5.6
20260811,esf,23.58,8.76
20260811,isr,5.3,0.99
20260814,esf,34.88,12.96
20260814,isr,18.78,3.5
20260815,esf,34.88,12.96
20260815,isr,58.34,10.88
20260816,esf,34.88,12.96
20260816,isr,58.34,10.88
20260817,esf,34.88,12.96
20260817,isr,14.49,2.7
20260818,isr,7.55,1.41
20260821,esf,34.88,12.96
20260821,isr,48.61,9.06
20260822,esf,34.88,12.96
20260822,isr,58.34,10.88
20260823,esf,34.88,12.96
20260823,isr,58.34,10.88
20260824,esf,34.88,12.96
20260824,isr,20.1,3.75
20260825,isr,4.59,0.86
20260831,esf,34.88,12.96
20260831,isr,35.84,6.68
20260901,esf,0.04,0.01
20260901,isr,58.34,10.88
20260902,esf,0.04,0.01
20260902,isr,58.29,10.87
20260903,esf,34.88,12.96
20260903,isr,44.81,8.35
20260904,esf,34.88,12.96
20260904,isr,58.34,10.88
20260905,esf,34.88,12.96
20260905,isr,56.26,10.49
20260906,esf,34.88,12.96
20260906,isr,58.29,10.87
20260907,esf,34.88,12.96
20260907,isr,20.5,3.82
20260908,isr,18.4,3.43
20260909,esf,34.88,12.96
20260909,isr,31.46,5.87
20260910,esf,34.88,12.96
20260910,isr,58.34,10.88
20260911,esf,34.88,12.95
20260911,isr,58.34,10.88
20260912,esf,0.04,0.01
20260912,isr,58.34,10.88
20260913,esf,29.93,11.12
20260913,isr,6.89,1.28
20260921,esf,34.88,12.95
20260921,isr,16.47,3.07
20260922,esf,34.88,12.95
20260922,isr,52.72,9.83
20260923,esf,34.88,12.95
20260923,isr,31.9,5.95
20260923,mes,19.83,0.0
20260924,esf,34.88,12.95
20260924,isr,9.23,1.72
20260924,mes,80.77,0.0
20260925,esf,34.88,12.95
20260925,isr,58.34,10.88
20260926,esf,34.88,12.95
20260926,isr,58.34,10.88
20260927,esf,34.88,12.95
20260927,isr,13.21,2.46
20260928,esf,34.88,12.95
20260928,isr,17.75,3.31
20260929,esf,16.43,6.1
20260929,isr,16.03,2.99
20260929,mes,39.51,0.0
20260930,esf,34.88,12.95
20260930,isr,13.68,2.55
20261001,esf,34.88,12.95
20261001,isr,17.35,3.23
20261002,esf,34.88,12.95
20261002,isr,58.33,10.88
20261003,esf,34.88,12.95
20261003,isr,58.33,10.88
20261004,esf,34.88,12.95
20261004,isr,58.33,10.88
20261005,esf,34.88,12.95
20261005,isr,15.84,2.95
20261006,esf,34.88,12.95
20261006,isr,13.55,2.53
20261007,esf,34.88,12.95
20261007,isr,20.88,3.89
20261008,esf,34.89,12.96
20261008,isr,54.28,10.12
20261009,isr,26.51,4.94
